COCO_AP,COCO_AP50,COCO_AP75,COCO_AP_large,COCO_AP_medium,COCO_AP_small,COCO_AR100,COCO_images,elapsed_seconds,gradient_norm_before_clip,loss_box_reg,loss_classifier,loss_objectness,loss_rpn_box_reg,loss_total,row_type,update
0.014648088596705633,0.06693184848955995,0.0003491917012714529,0.011900213246964959,0.0029400847669771336,0.02404762593419309,0.26875,64,1.7490011999907438,,,,,,,validation,0
,,,,,,,,0.5198270000109915,48.82844924926758,0.05928513780236244,0.7191257476806641,0.24180230498313904,0.0936950296163559,1.113908290863037,training,1
,,,,,,,,0.12433130000135861,22.636056900024414,0.07409507036209106,0.660759449005127,0.08263491839170456,0.08296897262334824,0.9004583954811096,training,2
,,,,,,,,0.10609859999385662,24.0639591217041,0.09562335908412933,0.5349016189575195,0.08169679343700409,0.046658001840114594,0.7588797807693481,training,3
,,,,,,,,0.15627539998968132,64.5136489868164,0.04001625254750252,0.3800771236419678,0.8569378852844238,0.318184494972229,1.5952157974243164,training,4
,,,,,,,,0.14401369998813607,4.699388027191162,0.12560851871967316,0.2935760021209717,0.05670949071645737,0.005345234647393227,0.4812392294406891,training,5
,,,,,,,,0.14329409998026676,2.8893344402313232,0.10080184042453766,0.17523115873336792,0.025922229513525963,0.0031289979815483093,0.305084228515625,training,6
,,,,,,,,0.1466579999832902,4.98997688293457,0.13243329524993896,0.13891839981079102,0.05864104628562927,0.16576604545116425,0.4957587718963623,training,7
,,,,,,,,0.144750200008275,4.1011433601379395,0.07707115262746811,0.08064182102680206,0.03892344608902931,0.058881957083940506,0.25551837682724,training,8
,,,,,,,,0.14392360000056215,7.709151744842529,0.06237673759460449,0.08029292523860931,0.03966234624385834,0.09325040131807327,0.2755824029445648,training,9
,,,,,,,,0.13798569998471066,3.8091158866882324,0.08479663729667664,0.08717881888151169,0.0753440260887146,0.005482270382344723,0.2528017461299896,training,10
,,,,,,,,0.11200069999904372,2.6844279766082764,0.08171162009239197,0.09478073567152023,0.04442514851689339,0.018309343606233597,0.23922684788703918,training,11
,,,,,,,,0.11095629999181256,11.50334358215332,0.03568381071090698,0.03457513451576233,0.06440147757530212,0.11330530792474747,0.2479657232761383,training,12
,,,,,,,,0.1517664999992121,3.51351261138916,0.054262563586235046,0.03886625915765762,0.027034854516386986,0.07192626595497131,0.19208994507789612,training,13
,,,,,,,,0.1412148000090383,4.258939266204834,0.09902151674032211,0.09401993453502655,0.014467846602201462,0.01691962592303753,0.2244289219379425,training,14
,,,,,,,,0.1441740000154823,1.7712881565093994,0.0343184620141983,0.0329231359064579,0.00557982362806797,0.04830488562583923,0.12112630158662796,training,15
,,,,,,,,0.14080759999342263,4.780618190765381,0.08434893935918808,0.10106689482927322,0.04677465185523033,0.05544787645339966,0.2876383662223816,training,16
,,,,,,,,0.1422385000041686,4.842503070831299,0.07085937261581421,0.053774602711200714,0.013867583125829697,0.03209778293967247,0.1705993413925171,training,17
,,,,,,,,0.14435960000264458,2.7362020015716553,0.08224866539239883,0.07874234765768051,0.01301328744739294,0.027245469391345978,0.20124977827072144,training,18
,,,,,,,,0.14491619999171235,1.574479579925537,0.052209556102752686,0.037946347147226334,0.027596086263656616,0.005433999001979828,0.12318598479032516,training,19
,,,,,,,,0.11183549999259412,4.593260765075684,0.0678878203034401,0.04884015768766403,0.02547241747379303,0.072318896651268,0.21451929211616516,training,20
,,,,,,,,0.11181149998446926,4.404975414276123,0.1261562705039978,0.14969682693481445,0.02881450206041336,0.005784602835774422,0.3104521930217743,training,21
,,,,,,,,0.15412419999483973,2.883795976638794,0.10666738450527191,0.08940122276544571,0.01312988717108965,0.004935029894113541,0.21413353085517883,training,22
,,,,,,,,0.14396539999870583,2.9737789630889893,0.10077245533466339,0.08302652835845947,0.02021183632314205,0.045291438698768616,0.24930225312709808,training,23
,,,,,,,,0.14781749999383464,2.07835054397583,0.07581015676259995,0.040789004415273666,0.009165947325527668,0.04258861392736435,0.16835370659828186,training,24
,,,,,,,,0.1430918000114616,2.7177107334136963,0.06722090393304825,0.028072692453861237,0.006451538763940334,0.061987727880477905,0.1637328565120697,training,25
,,,,,,,,0.1434472000109963,0.9302465915679932,0.07289621978998184,0.0322953537106514,0.005085660144686699,0.012052261270582676,0.12232949584722519,training,26
,,,,,,,,0.14505990000907332,2.958705425262451,0.07035335153341293,0.02923179231584072,0.01248140074312687,0.10649081319570541,0.21855735778808594,training,27
,,,,,,,,0.13898580000386573,3.449976921081543,0.13123375177383423,0.11495718359947205,0.00982435792684555,0.0015076905256137252,0.2575230002403259,training,28
,,,,,,,,0.11383409998961724,2.898545265197754,0.0901169702410698,0.0424923449754715,0.018099375069141388,0.06872152537107468,0.21943020820617676,training,29
,,,,,,,,0.10680300000240095,21.953083038330078,0.04366157948970795,0.022899208590388298,0.1426990032196045,0.10344363003969193,0.3127034306526184,training,30
,,,,,,,,0.1403462999733165,1.1490583419799805,0.04561026394367218,0.016436059027910233,0.006618998944759369,0.021596647799015045,0.09026197344064713,training,31
,,,,,,,,0.15595039998879656,1.264553427696228,0.06700459867715836,0.02699897065758705,0.013146515004336834,0.03084821254014969,0.1379982978105545,training,32
,,,,,,,,0.13659149999148212,6.711703777313232,0.09972859919071198,0.05920210853219032,0.04666537046432495,0.03915828466415405,0.244754359126091,training,33
,,,,,,,,0.14370240000425838,2.0641682147979736,0.07025505602359772,0.05072902515530586,0.007471773773431778,0.026423543691635132,0.1548793911933899,training,34
,,,,,,,,0.14303810001001693,0.8886145353317261,0.07516604661941528,0.02608051896095276,0.006546579301357269,0.0119664017111063,0.11975954473018646,training,35
,,,,,,,,0.14336409998941235,1.4700570106506348,0.04756557568907738,0.020647581666707993,0.019218988716602325,0.018092606216669083,0.10552474856376648,training,36
,,,,,,,,0.14354439999442548,1.0641419887542725,0.08339081704616547,0.036597996950149536,0.008007636293768883,0.013413824141025543,0.14141026139259338,training,37
,,,,,,,,0.1441179999965243,3.0826263427734375,0.050475575029850006,0.020557504147291183,0.025538628920912743,0.048378244042396545,0.14494994282722473,training,38
,,,,,,,,0.10889540001517162,1.257274866104126,0.06142459064722061,0.01788351684808731,0.021317752078175545,0.028468012809753418,0.12909387052059174,training,39
,,,,,,,,0.10854019998805597,2.3477320671081543,0.06510329991579056,0.022809786722064018,0.008924152702093124,0.0353919118642807,0.13222914934158325,training,40
,,,,,,,,0.16434299998218194,0.98297518491745,0.08643648028373718,0.04032249003648758,0.007540117483586073,0.0023180812131613493,0.13661716878414154,training,41
,,,,,,,,0.14744109997991472,4.276334762573242,0.04163948446512222,0.017638524994254112,0.03879447281360626,0.13561926782131195,0.2336917519569397,training,42
,,,,,,,,0.14589869999326766,1.1293178796768188,0.11529678851366043,0.04726828634738922,0.0038874363526701927,0.01072788517922163,0.17718039453029633,training,43
,,,,,,,,0.1419082999927923,1.7068653106689453,0.11766301095485687,0.05721079558134079,0.0076783099211752415,0.001998612890020013,0.18455073237419128,training,44
,,,,,,,,0.14684919998398982,2.6600074768066406,0.056844308972358704,0.018359409645199776,0.017915476113557816,0.049384839832782745,0.1425040364265442,training,45
,,,,,,,,0.14397179998923093,0.7675607204437256,0.05413982272148132,0.02755795419216156,0.009848503395915031,0.010995535179972649,0.10254181921482086,training,46
,,,,,,,,0.14134559998637997,1.1237486600875854,0.08454449474811554,0.029492534697055817,0.007155449595302343,0.0017933286726474762,0.12298581004142761,training,47
,,,,,,,,0.11004810000304133,4.295493125915527,0.04201824590563774,0.01640530489385128,0.03593055158853531,0.0538838729262352,0.14823797345161438,training,48
,,,,,,,,0.10808459998224862,2.096676826477051,0.09798574447631836,0.0337161049246788,0.01883181370794773,0.029724230989813805,0.1802579015493393,training,49
,,,,,,,,0.15656269999453798,1.9124653339385986,0.06435041129589081,0.022206202149391174,0.017610646784305573,0.027772147208452225,0.13193941116333008,training,50
0.3015613319846799,0.6379781429164572,0.25136352849380267,0.07495833096512865,0.04262636789994789,0.36448597693396684,0.45625,64,1.3112101000151597,,,,,,,validation,50
,,,,,,,,0.1293673000182025,1.3092734813690186,0.04329962283372879,0.013833645731210709,0.010319652035832405,0.022378649562597275,0.08983157575130463,training,51
,,,,,,,,0.10798169998452067,1.1798568964004517,0.06785658001899719,0.01759420335292816,0.009137382730841637,0.009628274478018284,0.10421644151210785,training,52
,,,,,,,,0.13923760000034235,1.0444318056106567,0.060257572680711746,0.02198847010731697,0.002531063975766301,0.011246446520090103,0.0960235595703125,training,53
,,,,,,,,0.14709980000043288,1.2114520072937012,0.04776310920715332,0.018823031336069107,0.009995265863835812,0.014665249735116959,0.09124664962291718,training,54
,,,,,,,,0.14311979999183677,2.0698912143707275,0.05583564192056656,0.017855335026979446,0.013592041097581387,0.03407259285449982,0.12135561555624008,training,55
,,,,,,,,0.14960559998871759,2.109438896179199,0.04466112703084946,0.014810806140303612,0.008882567286491394,0.022652558982372284,0.0910070613026619,training,56
,,,,,,,,0.14659210000536405,1.3792306184768677,0.059648267924785614,0.03634228557348251,0.006540886592119932,0.029530862346291542,0.13206230103969574,training,57
,,,,,,,,0.14447650001966394,0.8031326532363892,0.052686356008052826,0.020824948325753212,0.005934456363320351,0.001991607015952468,0.0814373642206192,training,58
,,,,,,,,0.142768799996702,1.750637173652649,0.09440717101097107,0.04244394227862358,0.00481365155428648,0.03316498547792435,0.17482975125312805,training,59
,,,,,,,,0.14891540000098757,5.294620990753174,0.04076170176267624,0.013869965448975563,0.01492055132985115,0.06429297477006912,0.13384518027305603,training,60
,,,,,,,,0.14069940001354553,1.0988255739212036,0.06607354432344437,0.0202656053006649,0.0014449030859395862,0.018194876611232758,0.10597892850637436,training,61
,,,,,,,,0.14718959998572245,1.6230322122573853,0.04790347069501877,0.016776401549577713,0.0031599896028637886,0.026308074593544006,0.0941479429602623,training,62
,,,,,,,,0.14573710001423024,1.7327531576156616,0.10588100552558899,0.060198958963155746,0.0025796773843467236,0.0002875193895306438,0.16894716024398804,training,63
,,,,,,,,0.10909209999954328,1.8455452919006348,0.08418008685112,0.03381690755486488,0.012576501816511154,0.021227026358246803,0.15180052816867828,training,64
,,,,,,,,0.10801060000085272,1.412717342376709,0.04627944156527519,0.010801801458001137,0.0038942410610616207,0.02281980961561203,0.08379529416561127,training,65
,,,,,,,,0.14267390000168234,2.3636956214904785,0.033962614834308624,0.01131434366106987,0.006072331219911575,0.034367166459560394,0.08571645617485046,training,66
,,,,,,,,0.1337109000014607,0.9339134693145752,0.044742897152900696,0.015028206631541252,0.005629613064229488,0.008797744289040565,0.07419846206903458,training,67
,,,,,,,,0.14539849999709986,3.169987440109253,0.05624249950051308,0.025074588134884834,0.026427287608385086,0.039847493171691895,0.14759187400341034,training,68
,,,,,,,,0.1459255999943707,3.2999958992004395,0.059442274272441864,0.021636243909597397,0.01268138736486435,0.034278154373168945,0.12803804874420166,training,69
,,,,,,,,0.14597909999429248,1.025090217590332,0.044212013483047485,0.015420408919453621,0.005455787293612957,0.014138334430754185,0.0792265385389328,training,70
,,,,,,,,0.1467238999903202,1.1776047945022583,0.05105379968881607,0.02833767980337143,0.012640075758099556,0.010262195020914078,0.10229374468326569,training,71
,,,,,,,,0.14063320000423118,1.0991969108581543,0.059676483273506165,0.02564568631350994,0.004591580014675856,0.01597149856388569,0.10588524490594864,training,72
,,,,,,,,0.14323220000369474,2.4606409072875977,0.07118839025497437,0.05410335212945938,0.03011045977473259,0.0012844445882365108,0.15668664872646332,training,73
,,,,,,,,0.145576799986884,1.5474796295166016,0.0457325205206871,0.019401807337999344,0.011969546787440777,0.02662990801036358,0.10373378545045853,training,74
,,,,,,,,0.14141579999704845,0.7780231833457947,0.03358003869652748,0.013254090212285519,0.0007146797724999487,0.003037563990801573,0.05058637261390686,training,75
,,,,,,,,0.14515550000942312,2.250732660293579,0.03612223267555237,0.013050764799118042,0.01116740982979536,0.024339264258742332,0.08467967063188553,training,76
,,,,,,,,0.11036269998294301,0.842781126499176,0.04909452050924301,0.020283259451389313,0.0013517274055629969,0.001936157001182437,0.07266566902399063,training,77
,,,,,,,,0.10758209999767132,1.0608712434768677,0.030341684818267822,0.009826203808188438,0.005737516097724438,0.007478154264390469,0.053383562713861465,training,78
,,,,,,,,0.16008839997812174,1.2297405004501343,0.04565732553601265,0.013831598684191704,0.004837788641452789,0.012076100334525108,0.07640281319618225,training,79
,,,,,,,,0.1468968999979552,1.624526858329773,0.05764348432421684,0.02710038423538208,0.005930622573941946,0.01715858280658722,0.10783307999372482,training,80
,,,,,,,,0.14127010002266616,2.0290310382843018,0.04607493430376053,0.016323888674378395,0.009722581133246422,0.02797127515077591,0.10009267926216125,training,81
,,,,,,,,0.14212360000237823,1.383553147315979,0.03820075839757919,0.008369147777557373,0.006579281762242317,0.019011395052075386,0.07216057926416397,training,82
,,,,,,,,0.1473441999987699,1.4479999542236328,0.03564944118261337,0.019176848232746124,0.005034752190113068,0.009813342243432999,0.06967438757419586,training,83
,,,,,,,,0.14509919998818077,1.0067437887191772,0.05565604567527771,0.02458348497748375,0.0023304172791540623,0.006048236042261124,0.0886181890964508,training,84
,,,,,,,,0.14708530000643805,1.6849623918533325,0.061265334486961365,0.027391117066144943,0.0050740912556648254,0.02058251202106476,0.11431305855512619,training,85
,,,,,,,,0.14332980001927353,3.703104019165039,0.03724285960197449,0.015447579324245453,0.01706077717244625,0.11635094881057739,0.18610216677188873,training,86
,,,,,,,,0.14825619998737238,1.7680671215057373,0.03218299150466919,0.010322663933038712,0.006952807307243347,0.02312411367893219,0.07258257269859314,training,87
,,,,,,,,0.1440590999845881,1.7435561418533325,0.038690559566020966,0.013132251799106598,0.0032684204634279013,0.020614352077245712,0.07570558786392212,training,88
,,,,,,,,0.11723149998579174,1.095518708229065,0.029921066015958786,0.011013925075531006,0.0019477899186313152,0.0009366694721393287,0.043819449841976166,training,89
,,,,,,,,0.11067520000506192,1.9762253761291504,0.03331311047077179,0.010057469829916954,0.007862335070967674,0.018835457041859627,0.0700683742761612,training,90
,,,,,,,,0.1530561000108719,1.2002582550048828,0.043409306555986404,0.022778920829296112,0.003434512298554182,0.0018948521465063095,0.07151759415864944,training,91
,,,,,,,,0.14095880000968464,1.3971431255340576,0.05853763967752457,0.02868625521659851,0.0022850711829960346,0.012456860393285751,0.10196582973003387,training,92
,,,,,,,,0.1441243999870494,1.00223708152771,0.03194031864404678,0.015442845411598682,0.0022093323059380054,0.001393214683048427,0.050985708832740784,training,93
,,,,,,,,0.14478020000387914,1.950791597366333,0.06781544536352158,0.03883375972509384,0.008402327075600624,0.018309298902750015,0.1333608329296112,training,94
,,,,,,,,0.14126360000227578,1.808648943901062,0.0430443212389946,0.01355502475053072,0.005012141074985266,0.016451038420200348,0.0780625194311142,training,95
,,,,,,,,0.14473759999964386,1.8179161548614502,0.04788408428430557,0.014453626237809658,0.008953087031841278,0.017596475780010223,0.0888872742652893,training,96
,,,,,,,,0.14477710000937805,3.7608845233917236,0.04062987118959427,0.014837982133030891,0.010274302214384079,0.07470813393592834,0.14045028388500214,training,97
,,,,,,,,0.1429241000150796,1.715571403503418,0.04305814579129219,0.01276097260415554,0.0023454148322343826,0.01259678602218628,0.0707613155245781,training,98
,,,,,,,,0.1393734000157565,1.5085924863815308,0.06714092940092087,0.03599919006228447,0.0022801076993346214,0.007662683725357056,0.11308290809392929,training,99
,,,,,,,,0.14389969999319874,1.1524326801300049,0.03309202194213867,0.00883723609149456,0.003700213273987174,0.011622399091720581,0.05725187063217163,training,100
0.39246263741077797,0.6877629289140861,0.48401667334094145,0.02932856310841168,0.046243447874199185,0.4598596055579189,0.5328125,64,1.260310700017726,,,,,,,validation,100
,,,,,,,,0.14338090000092052,1.763350009918213,0.03211020305752754,0.007506929337978363,0.0033443612046539783,0.012940751388669014,0.05590224266052246,training,101
,,,,,,,,0.14022170001408085,2.4147839546203613,0.04568152502179146,0.012199119664728642,0.0053406511433422565,0.02273068204522133,0.08595198392868042,training,102
,,,,,,,,0.14540980002493598,1.1953188180923462,0.03210107982158661,0.011182372458279133,0.002668445697054267,0.004095804877579212,0.050047699362039566,training,103
,,,,,,,,0.14270239998586476,1.1847221851348877,0.027786143124103546,0.008064708672463894,0.003076283261179924,0.015097066760063171,0.05402420461177826,training,104
,,,,,,,,0.12402030001976527,1.795939564704895,0.06978997588157654,0.033478476107120514,0.004693994764238596,0.02144632861018181,0.12940877676010132,training,105
,,,,,,,,0.10870889999205247,1.9178982973098755,0.040400952100753784,0.01524595357477665,0.0016882584895938635,0.012360666878521442,0.06969583034515381,training,106
,,,,,,,,0.14114220000919886,1.3389153480529785,0.04903033375740051,0.01329573430120945,0.0035471757873892784,0.007195846177637577,0.07306908816099167,training,107
,,,,,,,,0.1529774000227917,0.984694242477417,0.034736230969429016,0.015643473714590073,0.0024362606927752495,0.003029347164556384,0.055845312774181366,training,108
,,,,,,,,0.14120139999431558,1.2528177499771118,0.03766728937625885,0.012028890661895275,0.005049467086791992,0.014226362109184265,0.06897200644016266,training,109
,,,,,,,,0.14084760000696406,2.700021743774414,0.04345124959945679,0.03117194212973118,0.008095601573586464,0.016321469098329544,0.09904025495052338,training,110
,,,,,,,,0.13616090000141412,1.78730309009552,0.045825421810150146,0.01442478783428669,0.015608862042427063,0.011259057559072971,0.08711812645196915,training,111
,,,,,,,,0.11099069999181665,1.377806544303894,0.038925714790821075,0.013569984585046768,0.0030408897437155247,0.012018168345093727,0.06755475699901581,training,112
,,,,,,,,0.10729820001870394,0.7843289375305176,0.0254103634506464,0.012179954908788204,0.0009017856209538877,0.0036121830344200134,0.04210428521037102,training,113
,,,,,,,,0.1607423999812454,1.2206634283065796,0.029810603708028793,0.012156302109360695,0.006746495142579079,0.010309522971510887,0.0590229257941246,training,114
,,,,,,,,0.1443355000228621,1.795992136001587,0.029869573190808296,0.010284774005413055,0.017793813720345497,0.012395048514008522,0.07034320384263992,training,115
,,,,,,,,0.14235350000672042,1.3964793682098389,0.02881971001625061,0.0077429236844182014,0.0028531665448099375,0.014842437580227852,0.054258234798908234,training,116
,,,,,,,,0.1401309999928344,2.355886459350586,0.0355493426322937,0.025109320878982544,0.013259436935186386,0.04946613684296608,0.12338423728942871,training,117
,,,,,,,,0.11497949998010881,1.439657211303711,0.050573788583278656,0.016530238091945648,0.007284556049853563,0.0063803670927882195,0.08076895028352737,training,118
,,,,,,,,0.11044600000604987,1.1852869987487793,0.03806903585791588,0.02058425545692444,0.0021358586382120848,0.00991776678711176,0.07070691883563995,training,119
,,,,,,,,0.14261470001656562,1.2113827466964722,0.03017067164182663,0.016265403479337692,0.003636427689343691,0.014098931103944778,0.0641714334487915,training,120
,,,,,,,,0.13232750000315718,1.1483722925186157,0.025267543271183968,0.012531020678579807,0.0026797661557793617,0.0047921072691679,0.04527043551206589,training,121
,,,,,,,,0.14198210000176914,1.425420880317688,0.03884664177894592,0.009142987430095673,0.006651430856436491,0.015411372296512127,0.07005243003368378,training,122
,,,,,,,,0.1455413000076078,1.9954465627670288,0.03726492449641228,0.01304510049521923,0.005056880880147219,0.01931636407971382,0.07468326389789581,training,123
,,,,,,,,0.14614100000471808,1.0762890577316284,0.025848878547549248,0.013705777004361153,0.004010623320937157,0.008645045571029186,0.05221032723784447,training,124
,,,,,,,,0.1428670000168495,1.385092854499817,0.0373622328042984,0.02070724405348301,0.001796936267055571,0.01081656850874424,0.07068298012018204,training,125
,,,,,,,,0.14707060001092032,1.5349547863006592,0.03028467856347561,0.01245868019759655,0.001740181352943182,0.008434116840362549,0.05291765555739403,training,126
,,,,,,,,0.13227470000856556,1.3426564931869507,0.03506486862897873,0.015855839475989342,0.004348851274698973,0.004810573533177376,0.06008013337850571,training,127
,,,,,,,,0.10929029999533668,1.2245852947235107,0.03130127862095833,0.0073932139202952385,0.003920248243957758,0.01064964011311531,0.05326438322663307,training,128
,,,,,,,,0.11072940001031384,1.133228063583374,0.03484831750392914,0.01641661673784256,0.0016097561456263065,0.001963966526091099,0.05483865737915039,training,129
,,,,,,,,0.17510210000909865,1.5116268396377563,0.026531066745519638,0.015915770083665848,0.014852261170744896,0.01469841692596674,0.0719975158572197,training,130
,,,,,,,,0.14540550002129748,1.2927398681640625,0.02983185462653637,0.012364747002720833,0.0035568559542298317,0.011197894811630249,0.05695135146379471,training,131
,,,,,,,,0.14003879998927005,1.2725403308868408,0.029969656839966774,0.014662230387330055,0.0010344900656491518,0.003012040862813592,0.04867842048406601,training,132
,,,,,,,,0.13879769999766722,1.390410304069519,0.03116554766893387,0.008377555757761002,0.009685050696134567,0.015551821328699589,0.06477997452020645,training,133
,,,,,,,,0.14672669998253696,1.12361478805542,0.028978902846574783,0.008917582221329212,0.0026548481546342373,0.0024213246069848537,0.04297265410423279,training,134
,,,,,,,,0.14696499999263324,1.3617801666259766,0.025427382439374924,0.007464451715350151,0.0028657736256718636,0.010760411620140076,0.04651801660656929,training,135
,,,,,,,,0.14403690001927316,2.058990478515625,0.04961954057216644,0.01868879236280918,0.003209653776139021,0.014125069603323936,0.08564305305480957,training,136
,,,,,,,,0.11006069998256862,3.7523021697998047,0.018408020958304405,0.012691274285316467,0.007813229225575924,0.06154312193393707,0.100455641746521,training,137
,,,,,,,,0.10704939998686314,1.40041184425354,0.028999360278248787,0.012744087725877762,0.0034344992600381374,0.00732530327513814,0.052503250539302826,training,138
,,,,,,,,0.15981700000702403,1.6832456588745117,0.0350528359413147,0.006910068914294243,0.002695085946470499,0.017860228195786476,0.06251822412014008,training,139
,,,,,,,,0.14392380000208504,1.4115831851959229,0.033076103776693344,0.020292649045586586,0.004685413558036089,0.0031604229006916285,0.061214592307806015,training,140
,,,,,,,,0.14545670000370592,1.8783037662506104,0.02914305031299591,0.008203761652112007,0.006429493427276611,0.017425496131181717,0.0612017996609211,training,141
,,,,,,,,0.14136860001599416,1.5467475652694702,0.02295852079987526,0.00686280895024538,0.004185869824141264,0.013144423253834248,0.04715162143111229,training,142
,,,,,,,,0.1440948999952525,1.1926774978637695,0.032433412969112396,0.028105847537517548,0.004883142188191414,0.0014504767023026943,0.06687287986278534,training,143
,,,,,,,,0.14404129999456927,2.263925313949585,0.028183728456497192,0.006130698136985302,0.010057699866592884,0.027768509462475777,0.072140634059906,training,144
,,,,,,,,0.1467300999793224,1.5667150020599365,0.03749562054872513,0.01061495952308178,0.004790137056261301,0.008714486844837666,0.06161520630121231,training,145
,,,,,,,,0.14333359999000095,2.735942840576172,0.02490905486047268,0.0052598086185753345,0.005183238070458174,0.04538465663790703,0.08073675632476807,training,146
,,,,,,,,0.1451064999855589,1.5849581956863403,0.03212122991681099,0.021086284890770912,0.0034349302295595407,0.005201363004744053,0.061843808740377426,training,147
,,,,,,,,0.14616860001115128,1.2027095556259155,0.028645053505897522,0.008796601556241512,0.0013122111558914185,0.002659096848219633,0.04141296446323395,training,148
,,,,,,,,0.12168680000468157,1.3634707927703857,0.018982838839292526,0.007856471464037895,0.0016184027772396803,0.017033593729138374,0.045491307973861694,training,149
,,,,,,,,0.10769840001012199,1.9139461517333984,0.02319563925266266,0.008627012372016907,0.007072722539305687,0.03035390004515648,0.06924927234649658,training,150
0.3804346936917533,0.7076531422151495,0.37047459378209335,0.03762376237623762,0.048514851485148516,0.45149776636764377,0.5359375,64,1.3090750999981537,,,,,,,validation,150
,,,,,,,,0.14792439999291673,1.6952908039093018,0.01873493194580078,0.009651578962802887,0.004650312475860119,0.026010839268565178,0.05904766172170639,training,151
,,,,,,,,0.14473939998424612,1.6360554695129395,0.025638261809945107,0.014041292481124401,0.001777819823473692,0.015381586737930775,0.05683895945549011,training,152
,,,,,,,,0.11208880000049248,1.7118359804153442,0.027663882821798325,0.010442892089486122,0.0017133071087300777,0.013251354917883873,0.053071439266204834,training,153
,,,,,,,,0.1079977999906987,1.7176424264907837,0.02999565191566944,0.01444232277572155,0.006985919550061226,0.014119043946266174,0.06554293632507324,training,154
,,,,,,,,0.1567466999986209,1.2280317544937134,0.022057056427001953,0.007051541935652494,0.001297828508540988,0.005552433431148529,0.03595886006951332,training,155
,,,,,,,,0.14093220001086593,1.4883301258087158,0.035614654421806335,0.016543669626116753,0.004182971082627773,0.0064605469815433025,0.06280184537172318,training,156
,,,,,,,,0.1452294000191614,1.102405309677124,0.025703219696879387,0.011533846147358418,0.002269499469548464,0.002012323820963502,0.041518889367580414,training,157
,,,,,,,,0.14369920000899583,1.2299792766571045,0.01993449777364731,0.005702771246433258,0.0033121954184025526,0.008686728775501251,0.03763619065284729,training,158
,,,,,,,,0.1205811999971047,1.5069692134857178,0.027037985622882843,0.016390226781368256,0.00413969811052084,0.021555235609412193,0.06912314891815186,training,159
,,,,,,,,0.10995049998746254,1.342528223991394,0.02955949306488037,0.0075898244976997375,0.0025081122294068336,0.011994701810181141,0.051652129739522934,training,160
,,,,,,,,0.15091630001552403,1.1321011781692505,0.01909145712852478,0.011041414923965931,0.0021155662834644318,0.00799349881708622,0.04024193435907364,training,161
,,,,,,,,0.1400926999922376,1.558540940284729,0.024219198152422905,0.011706018820405006,0.0006787487072870135,0.00035717865102924407,0.0369611419737339,training,162
,,,,,,,,0.14277960002073087,1.7864102125167847,0.027032196521759033,0.00891026109457016,0.012167355045676231,0.024498948827385902,0.07260876148939133,training,163
,,,,,,,,0.1450730999931693,1.8421123027801514,0.015386538580060005,0.007831716910004616,0.0056948913261294365,0.01787363365292549,0.04678678140044212,training,164
,,,,,,,,0.1265230999852065,1.3783009052276611,0.02203122153878212,0.009917601943016052,0.003986901603639126,0.008077379316091537,0.04401310533285141,training,165
,,,,,,,,0.10912889998871833,1.8944048881530762,0.03144315630197525,0.01489577628672123,0.0019931138958781958,0.010589041747152805,0.05892108380794525,training,166
,,,,,,,,0.13475380002637394,1.599669337272644,0.024253353476524353,0.01306835375726223,0.007207117509096861,0.013970514759421349,0.05849934369325638,training,167
,,,,,,,,0.14992130000609905,1.3483232259750366,0.018634799867868423,0.006802134681493044,0.003420173656195402,0.016010046005249023,0.04486715421080589,training,168
,,,,,,,,0.14244729999336414,1.3612149953842163,0.031983934342861176,0.008692140690982342,0.008819686248898506,0.018123209476470947,0.0676189735531807,training,169
,,,,,,,,0.13643100002082065,1.587116003036499,0.024734601378440857,0.011343926191329956,0.005667801946401596,0.008238819427788258,0.04998514801263809,training,170
,,,,,,,,0.1176413000212051,1.0948125123977661,0.014541668817400932,0.007508478127419949,0.00379761029034853,0.0067863427102565765,0.03263409808278084,training,171
,,,,,,,,0.10807740001473576,1.6258611679077148,0.03345787897706032,0.01599290780723095,0.005603747442364693,0.00750343594700098,0.06255796551704407,training,172
,,,,,,,,0.1364198000228498,0.9081712961196899,0.021839609369635582,0.015919500961899757,0.0006884756730869412,0.0008157019037753344,0.0392632856965065,training,173
,,,,,,,,0.14390009999624453,1.297472357749939,0.01910785585641861,0.006867461837828159,0.009207123890519142,0.010317007079720497,0.045499444007873535,training,174
,,,,,,,,0.14819439998245798,1.0034050941467285,0.015527850948274136,0.0060822973027825356,0.0017420395743101835,0.008376754820346832,0.031728941947221756,training,175
,,,,,,,,0.139367099996889,1.034080982208252,0.024393869563937187,0.013570181094110012,0.0027217355091124773,0.0025788494385778904,0.043264634907245636,training,176
,,,,,,,,0.11654640000779182,2.9940192699432373,0.021664690226316452,0.003784626955166459,0.01134708896279335,0.04615632817149162,0.08295273780822754,training,177
,,,,,,,,0.10732629999984056,1.3081719875335693,0.025595230981707573,0.01163968350738287,0.003272805130109191,0.007061248645186424,0.047568969428539276,training,178
,,,,,,,,0.134463099995628,1.012150526046753,0.02468995377421379,0.01075083576142788,0.0010299982968717813,0.002693736460059881,0.03916452080011368,training,179
,,,,,,,,0.15073699998902157,1.4543483257293701,0.030690116807818413,0.018010394647717476,0.003162370529025793,0.010392876341938972,0.06225575506687164,training,180
,,,,,,,,0.14508990000467747,1.0654873847961426,0.019084561616182327,0.007957438938319683,0.00261005200445652,0.003966426011174917,0.03361847996711731,training,181
,,,,,,,,0.13621039999998175,1.362992763519287,0.019701678305864334,0.009220026433467865,0.008965643122792244,0.019061025232076645,0.05694837495684624,training,182
,,,,,,,,0.11613340000621974,1.0680923461914062,0.024330057203769684,0.010231820866465569,0.00160777207929641,0.005465889349579811,0.04163554310798645,training,183
,,,,,,,,0.10904919999302365,2.4497764110565186,0.015826862305402756,0.008642754517495632,0.002281918190419674,0.029547059908509254,0.056298598647117615,training,184
,,,,,,,,0.1364095000026282,1.5990570783615112,0.019235271960496902,0.009831154718995094,0.008413972333073616,0.013694762252271175,0.05117516219615936,training,185
,,,,,,,,0.1521231000078842,1.4790102243423462,0.012263569049537182,0.0035021682269871235,0.0012879534624516964,0.013551700860261917,0.030605392530560493,training,186
,,,,,,,,0.14507400000002235,2.1175575256347656,0.026590604335069656,0.005996274296194315,0.006204662844538689,0.018250485882163048,0.05704203248023987,training,187
,,,,,,,,0.13938500001677312,2.130690097808838,0.03556756675243378,0.00972433015704155,0.0007755478727631271,0.0013583955587819219,0.04742584377527237,training,188
,,,,,,,,0.11708849997376092,8.06157398223877,0.027397289872169495,0.025691045448184013,0.0798385739326477,0.044793009757995605,0.17771992087364197,training,189
,,,,,,,,0.10761010000715032,2.0816283226013184,0.014525776728987694,0.004699978977441788,0.009011258371174335,0.026177290827035904,0.054414305835962296,training,190
,,,,,,,,0.141544200014323,0.9136520624160767,0.012821263633668423,0.009070491418242455,0.0017838175408542156,0.00525192404165864,0.028927495703101158,training,191
,,,,,,,,0.15355780001846142,1.4999388456344604,0.030692830681800842,0.008801169693470001,0.0011648447252810001,0.002222623908892274,0.042881470173597336,training,192
,,,,,,,,0.14832769997883588,1.2674579620361328,0.02701186016201973,0.01413543801754713,0.0020291092805564404,0.00490936916321516,0.0480857789516449,training,193
,,,,,,,,0.14261660000192933,1.196014404296875,0.017819905653595924,0.013496235944330692,0.007454406004399061,0.002602311782538891,0.041372861713171005,training,194
,,,,,,,,0.14796150001347996,1.8377536535263062,0.024537159129977226,0.005769673734903336,0.0033668132964521646,0.015092686749994755,0.04876633360981941,training,195
,,,,,,,,0.1460283000196796,1.1557857990264893,0.016827844083309174,0.007381213828921318,0.0011489829048514366,0.005519991274923086,0.030878031626343727,training,196
,,,,,,,,0.14254460000665858,2.7226369380950928,0.019634690135717392,0.006844509392976761,0.009947672486305237,0.02484508976340294,0.06127196177840233,training,197
,,,,,,,,0.11928559999796562,1.0328024625778198,0.016317682340741158,0.005181748420000076,0.006187316030263901,0.005634153261780739,0.03332090005278587,training,198
,,,,,,,,0.10842249999404885,1.1055121421813965,0.02195504866540432,0.005182178691029549,0.0012688690330833197,0.0031026448123157024,0.03150874003767967,training,199
,,,,,,,,0.13882300001569092,1.1950678825378418,0.017435654997825623,0.00632359879091382,0.002431012922897935,0.0059463586658239365,0.03213662654161453,training,200
0.3865714666481449,0.7214346249809287,0.3988113548151351,0.037758173253222754,0.048514851485148516,0.4645024005782231,0.5328125,64,1.2579479000123683,,,,,,,validation,200
