evidence_layer,arm,seed,best_epoch,best_validation_mse,optimizer_updates,elapsed_seconds,gpu_hours,summary_sha256,test_payload_accessed
N2_NEW_STUDY_VALIDATION,F00,61001,10,0.000678031357438158,1120,102.20804840000346,0.028391124555556518,d1f0e72d155d3cbbdb48629ff0ae7cb2467c34bea861b1941de0111a533ee5a5,False
N2_NEW_STUDY_VALIDATION,F00,61002,9,0.0006242853505682433,1120,102.29995600000257,0.028416654444445157,3456b2ca3f81ec0b2aec1711905da4546e86bfbcbe98d5f1da3c3439e8032cf3,False
N2_NEW_STUDY_VALIDATION,F00,61003,9,0.00044012657235725783,1120,101.33212320000166,0.028147812000000463,1b8fb43b4603875f94618484b84d56ef610327f1cef37acbaaac9a1d57d49dae,False
N2_NEW_STUDY_VALIDATION,F00,61004,10,0.0004954068008373724,1120,99.49225569999544,0.027636737694443178,7553ba7d1a62b96450466d09497e6157ec19cf8efefd18e3d903804cec91421a,False
N2_NEW_STUDY_VALIDATION,F00,61005,10,0.0005009310034438386,1120,93.52418619999662,0.025978940611110172,56dec4ee331072c88bf761688db3d673657a12ae8405bd3d50f53e5d2af30b56,False
N2_NEW_STUDY_VALIDATION,F00,61006,9,0.0006925351731297269,1120,103.86346919997595,0.028850963666659988,d7cef2cf3de2dcf524ee21fbd0ed356f02951ae345308de9a8ac296ba68b61d9,False
N2_NEW_STUDY_VALIDATION,F00,61007,10,0.0006143417515431793,1120,100.87597039999673,0.02802110288888798,c287396977af5ef9c270daa90f20ff40bf77849e69f2d081de75b0eeae316eaf,False
N2_NEW_STUDY_VALIDATION,F00,61008,10,0.00045607952279169695,1120,99.48657589999493,0.027635159972220814,1f512991539cd3bbf623816d68a8ba83f746eadbf8222b447c75da8540046c23,False
N2_NEW_STUDY_VALIDATION,F00,61009,10,0.0006992012240516488,1120,99.06066940000164,0.02751685261111157,c9a59e70ecdf60c097b8dcf0d6c0b07649f8f9db7842aa990da85839bf5997d9,False
N2_NEW_STUDY_VALIDATION,F00,61010,10,0.0004881457216470153,1120,100.92653240001528,0.028035147888893133,1bde6126661c86cb47ea3c784cf7f3e41228c4341c6c9c20e0d3011b18b54dc5,False
N2_NEW_STUDY_VALIDATION,F01,61001,10,0.0005286963464641303,1120,97.2417993999843,0.027011610944440084,bd420c05196ad6e956834a007dc951a69e696bcd15b233ce9ad93a8936219898,False
N2_NEW_STUDY_VALIDATION,F01,61002,9,0.0004788653027389955,1120,98.27042600000277,0.027297340555556326,cae5e082210c8b338a8d4d517109bb5d872fdbe115eb0e536a4e43b0c957b5a9,False
N2_NEW_STUDY_VALIDATION,F01,61003,9,0.00045148473554945667,1120,97.66696259999298,0.027129711833331384,8af12344b65173bf14b2fe8dbc0398148e4d60d0b1d2bb8113008caf1029c433,False
N2_NEW_STUDY_VALIDATION,F01,61004,10,0.0004191081029603083,1120,98.70284320000792,0.027417456444446646,08d4793a3ef6077863c7b79be0f50142475c429e7f2c4760c1f212b275fc0199,False
N2_NEW_STUDY_VALIDATION,F01,61005,9,0.00047280257149395766,1120,99.60673060000408,0.02766853627777891,04d0e4978f580cd8a1eccd4e19a6e32fa7e18345b98e624bf85f2201cea0c200,False
N2_NEW_STUDY_VALIDATION,F01,61006,9,0.0006428601086554409,1120,99.82248969998909,0.02772846936110808,505d8ae072a6414d27be36bd829748ca2de66a59579d43e6f2a10430d74926fc,False
N2_NEW_STUDY_VALIDATION,F01,61007,10,0.0004536460592134972,1120,100.28826610001852,0.027857851694449588,5162ca37662299df5aee975e2cf59b461db64c1ba12876aa6e6fa3a8a0c81bdb,False
N2_NEW_STUDY_VALIDATION,F01,61008,10,0.0005016743043597671,1120,100.22672960002092,0.02784075822222803,76da529e3f6c4e3539b8a1633866efb9731e2df5ad0ae5b7cdefbd089f3e1407,False
N2_NEW_STUDY_VALIDATION,F01,61009,9,0.0005048598859502818,1120,100.78577249997761,0.02799604791666045,85eb46096a6e6765fce79e86117af5c89f9843e3d30815b6e1d6201bff91bcc4,False
N2_NEW_STUDY_VALIDATION,F01,61010,10,0.0004505549065925152,1120,99.2179119999928,0.02756053111110911,9a57d9a41127557b8ee4a464890677275b13e0a7ca9552440acc56a74e9b6e32,False
N2_NEW_STUDY_VALIDATION,F10,61001,10,0.0006723931028318475,1120,102.422602799983,0.028450722999995275,46dfbd8b22f8ce37ebb74c89c3f895e338eaca449c0e5f2a0d153989ac319b71,False
N2_NEW_STUDY_VALIDATION,F10,61002,9,0.0006164398373584845,1120,90.56526070000837,0.025157016861113435,172e8cfc69dc5fcd4527d02878d51e27a0df1dbcf1a1e9c74acf8e7980db7f62,False
N2_NEW_STUDY_VALIDATION,F10,61003,8,0.0005090250633656979,1120,89.29608549998375,0.02480446819443993,cf2ed7b40e6bbdb325a05eeed219de04e44b0bb433280c5185a6dd8ee03e494c,False
N2_NEW_STUDY_VALIDATION,F10,61004,9,0.0004805244680028409,1120,87.47601559999748,0.02429889322222152,7cb30bfb28de7d0d50eb457bb84b4db7c5f83834cea26b148b9e7272fd93e4d1,False
N2_NEW_STUDY_VALIDATION,F10,61005,10,0.000511945492689847,1120,87.29370730000664,0.024248252027779624,8f7f970a76e2101ff8bc479151a5722e9ee17f83fd2582ae591ad4461c0f79fd,False
N2_NEW_STUDY_VALIDATION,F10,61006,9,0.0006742313858012494,1120,89.42464549999568,0.024840179305554353,5b787ea6c406f9f7e53c91d790905fd4215c937e9daef85f6bd76ffb00a348e3,False
N2_NEW_STUDY_VALIDATION,F10,61007,10,0.0005290071276249364,1120,92.92913040000712,0.025813647333335313,68bfd99d94c08874e797afd8ec4eb9ff0a0b69ca0b1e9698de279053ade127b9,False
N2_NEW_STUDY_VALIDATION,F10,61008,9,0.00046554087475669803,1120,89.32149919998483,0.02481152755555134,6034787d87f1a1d1a70309bc3d4e9363208978a705c7e4a878111a49599f1783,False
N2_NEW_STUDY_VALIDATION,F10,61009,10,0.0006407639129974996,1120,87.767297399987,0.024379804833329723,6df3b99924ffcdb0c08fd54aefa7da40f315cd00e44ed4e982c2082a236e7592,False
N2_NEW_STUDY_VALIDATION,F10,61010,10,0.000538177161161002,1120,88.65740850000293,0.02462705791666748,92c767b329c6c743882f54ffe060cda0f4f22ffedfff2a69c039000a5d05a246,False
N2_NEW_STUDY_VALIDATION,F11,61001,10,0.0004710013909061672,1120,88.03837460000068,0.024455104055555746,f14f509aac464f08b14eca63ee4dc4c9ac8b19ec1b5691193263bd3bc42f07c7,False
N2_NEW_STUDY_VALIDATION,F11,61002,9,0.0005103933917780523,1120,86.38321160001215,0.023995336555558928,2b07a637c4cec55a94efe55e61d30c9a3c6533c49b533977bf12cdb1615e0497,False
N2_NEW_STUDY_VALIDATION,F11,61003,8,0.0005077338473711279,1120,86.48991940001724,0.0240249776111159,d90288cb412857baa44b9a998dfe4d5fc2e5e72e3991fff698751bc1cfaf3b1b,False
N2_NEW_STUDY_VALIDATION,F11,61004,9,0.0005060968296675128,1120,93.38270819999161,0.025939641166664338,f1f1f44310541faff477b7229b9d5ddc38886a1b5a66155c0afcb7ebe5fdfd78,False
N2_NEW_STUDY_VALIDATION,F11,61005,10,0.0005124543858983088,1120,99.40335750000668,0.027612043750001855,96637eae7def3e5ec913da677c72e2097e834b3c8c4ab71b5d6e5e827ce43e80,False
N2_NEW_STUDY_VALIDATION,F11,61006,10,0.0005162404436305223,1120,98.24556449998636,0.027290434583329543,4a31782290bf8075141c8db60997c97bda7cd13a5dbc81b4e1caa58bd1559440,False
N2_NEW_STUDY_VALIDATION,F11,61007,10,0.0004711167389359616,1120,96.96446609997656,0.026934573916660157,1520811d7da1f5539952280fc0eee01ef96bf8ea08b65ac23b2a1b19627155d0,False
N2_NEW_STUDY_VALIDATION,F11,61008,9,0.0005062723462287977,1120,95.32112239999697,0.026478089555554713,79faa7b8ff7e7febbe66197f6f5c977e756685a6f3a0b6af2b5de205167b7080,False
N2_NEW_STUDY_VALIDATION,F11,61009,10,0.0005169872815713461,1120,96.58547789999284,0.026829299416664676,2de83eaf80c613554cbe1a6f315f42a256d27c8f9d725a6758979a86b3f6d4a2,False
N2_NEW_STUDY_VALIDATION,F11,61010,10,0.000487048548166058,1120,95.49905879999278,0.02652751633333133,b712f4c47f7dac026eb6ead19935071c5a1b1affe804352e044dc593731789b1,False
