evidence_layer,data_role,arm,seed,n_images,PFFD10_train_scaled,FID_InceptionV3_Mixed6e_768,KID_InceptionV3_Mixed6e_768,radial_log_power_l1_mean,laplacian_variance_absolute_difference_mean,centroid_distance_to_inherited_bbox_center_mean,bright_bbox_width_absolute_error_mean,bright_bbox_height_absolute_error_mean,memorization_screen_flag_count,memorization_screen_flag_rate,exact_train_or_flip_count,feature_min_mean,nearest_reference_ssim_max,phash_minimum,source_array_sha256,test_payload_accessed
N2_NEW_STUDY,validation,NB,61001,1024,0.36399904309664777,0.030601293230983706,2.4089618924083567e-05,0.4158591728501587,0.0037214066694167994,0.07584574896289856,0.07512939453125,0.09703389485677083,158,0.154296875,14,0.006702111317322042,1.0,0,dbc2a1dd8d4b17cce524cb0fad3a8d29b10796af36c27a1eae7b7a05cabc8daf,False
N2_NEW_STUDY,validation,NB,61002,1024,0.39983811210631615,0.03236667007458349,2.7435990643365216e-05,0.4093546558349369,0.0034726577651676585,0.07595143842330387,0.07000508626302084,0.09502095540364583,175,0.1708984375,14,0.006678927090125484,1.0,0,041a92a21fe13f4b9e46a6e5aed40f4cec40e2a19cbeba140a0321215bc7731b,False
N2_NEW_STUDY,validation,NB,61003,1024,0.34721663556462445,0.032574999035073104,2.6865166359968384e-05,0.42153041386651907,0.0037052391297930495,0.0756741045739501,0.07433146158854166,0.09411763509114585,152,0.1484375,16,0.006987667262281134,1.0,0,4b55568157fc6280f23857ff41929783963a953303d1a94517ae8b8166219b2c,False
N2_NEW_STUDY,validation,NB,61004,1024,0.3667259267880212,0.02973613342373349,2.1767274992257057e-05,0.4252211939361646,0.003635427452917814,0.0753879401219878,0.07228922526041667,0.09394877115885417,172,0.16796875,16,0.0068319185164041,1.0,0,b536023cf1206d2bb9e33aab1b48965da3f35aad238b8986ee6a798825a12bb4,False
N2_NEW_STUDY,validation,NB,61005,1024,0.3782028405939286,0.03260327419347897,2.791678775349027e-05,0.4231630073187797,0.003545516295507493,0.07612176400516113,0.0746881103515625,0.09493937174479167,168,0.1640625,15,0.006747307102676781,1.0,0,33eb9168383c85ddec1495b1805b348a2efc0081c260e828ed95e6b127c3d819,False
N2_NEW_STUDY,validation,NB,61006,1024,0.3682515927596164,0.029616559887807536,2.2782596809101108e-05,0.43115400083135486,0.0036981919391892827,0.07643153730653676,0.07220682779947916,0.093355712890625,196,0.19140625,16,0.006524912462674013,1.0,0,c64ff7fe5a832448f2730293ce8a04b0b71ffb38b755d86e252b0cf4c2421bb5,False
N2_NEW_STUDY,validation,NB,61007,1024,0.3564463973459908,0.029621265248657824,2.4087370873004943e-05,0.41559171501890735,0.003575998707762169,0.07594390811904445,0.07559061686197915,0.09568074544270833,195,0.1904296875,20,0.00669156801253005,1.0,0,4da9c90930e3fbad37ff077e474bbe36ea5bcecb1f8fe81390813b23347cad6e,False
N2_NEW_STUDY,validation,NB,61008,1024,0.3592480170302821,0.03238659880905814,2.860254051162414e-05,0.4086439223724432,0.00353473482411985,0.07611460919315796,0.07233561197916666,0.0954217529296875,174,0.169921875,24,0.006955090797073641,1.0,0,971a1766275b2c8456e5c87c18251acea07bb93fefe4656e77b62d438ec60e66,False
N2_NEW_STUDY,validation,NB,61009,1024,0.3342202618897723,0.029245342385787798,2.2991225605117904e-05,0.42564681231246193,0.003702038964412402,0.07590210985209075,0.07452819824218751,0.09658935546875,186,0.181640625,16,0.006738954414328168,1.0,0,c273200a56ce3758335cd37cdc50d792c7b102ebc565e101491a78ecfabcf193,False
N2_NEW_STUDY,validation,NB,61010,1024,0.40549179545003966,0.030494865513175595,2.5219381195817903e-05,0.4288562336633448,0.0035848600490241437,0.07543542065225295,0.07234171549479167,0.0924334716796875,192,0.1875,17,0.006616714784340614,1.0,0,d39045e548dbdb9f23d11ce390979e45368d03beb8561e7713555aa0d9b4faab,False
N2_NEW_STUDY,validation,ND,61001,1024,6114.697021404438,5.450677239582352,0.01955379483491715,4.878500391009945,5.887270954339306,0.11204792024056323,0.2808380126953125,0.27974527994791665,0,0.0,0,0.4393151528266413,0.41824565930506175,2,0410bb5ca362da45ce926da38d15a2eee2f2be5a6698ff64a1c38b6ed025489f,False
N2_NEW_STUDY,validation,ND,61002,1024,752.7827537179561,6.3964198244502075,0.023676521809490758,4.365205126101551,5.8073082827522295,0.1123845967149117,0.11010416666666667,0.11193684895833335,0,0.0,0,0.5211495228251943,0.03578154433859614,7,5a62d9b5a0e1f889a7f195ecffb39d7c0db88ade95340735c6b3193d715d7f5e,False
N2_NEW_STUDY,validation,ND,61003,1024,428.9686069145179,6.226946167694583,0.02346925185333415,5.185754695305135,8.423674485532107,0.11263605789536428,0.11010416666666667,0.11193684895833335,0,0.0,0,0.5615517222284652,0.014582486299204027,8,5b1b9010a99f622178a146b4f94119158ea03f19913e8599098af3632b6584fc,False
N2_NEW_STUDY,validation,ND,61004,1024,876.1002073259275,6.296195168259633,0.023175905399438257,4.278547138521548,3.970786748212382,0.11576182633964988,0.11087890625,0.11274414062500002,0,0.0,0,0.5079684711056749,0.04568029726666243,10,31fe179df4b3315bd51823592e341fc8cf2859e03080e0756e9997044db19220,False
N2_NEW_STUDY,validation,ND,61005,1024,11428.464124517832,4.836959138785582,0.017026118314448446,3.7341288444777083,2.8626895205448344,0.11930780521526788,0.66069580078125,0.6636116536458334,0,0.0,0,0.2589052878723495,0.8427864607594083,3,ed86d1b4686db519edd1fbcbfe4b5ea726a1704b84350ff560f6dbc4c3510e5c,False
N2_NEW_STUDY,validation,ND,61006,1024,7730.552625950107,5.564228745078827,0.01987300313137874,4.804246087916259,5.601654358418574,0.1190215814949428,0.30776468912760413,0.3035280354817708,0,0.0,0,0.4372390958221162,0.6706141941126308,5,7e714c1fa44e5d595381f8019a31be861b6f18ed3ee0428498342912761a13a3,False
N2_NEW_STUDY,validation,ND,61007,1024,13831.969522781705,5.125814447452411,0.018265039299817154,4.530454485634062,5.002861083459773,0.1286279241837307,0.4432763671875,0.4454115804036458,0,0.0,0,0.3640906290658847,0.8518382226459972,2,53e03fe27b4d331fc3d66714b66446a24f8b74e58ce27337a3e3e3f1c6addabd,False
N2_NEW_STUDY,validation,ND,61008,1024,11273.97078369475,5.181523194638745,0.0193257329554406,3.548735209479173,1.4098721485040826,0.13483958347307365,0.8485329182942709,0.8476698811848958,0,0.0,0,0.18534407995377578,0.7899938405514391,1,b898137d38ef84af5bde248d9b1b730e7ae669945a67e336b1519c69f388e193,False
N2_NEW_STUDY,validation,ND,61009,1024,3421.262108344313,5.466154078631224,0.020188177032575805,5.014092141717094,7.917580857862832,0.11358865405612363,0.1495155843098958,0.15137390136718748,0,0.0,0,0.4926925019037891,0.16447639253655738,4,bb46712794daba13b1a13e3b23ba2f6afd8de4980a2aabc0a6476d80a49c5662,False
N2_NEW_STUDY,validation,ND,61010,1024,7670.959482002426,4.599503087261579,0.01694575736325543,3.13070065446658,1.15270693877308,0.1552204990176645,0.845536905924479,0.8445454915364583,0,0.0,0,0.1703538416879769,0.8141653103119662,2,f3fe671acd3a05b187cdffd25658b5298448320efc25534b5242d489a42f84e3,False
N2_NEW_STUDY,validation,NF,61001,1024,10.37034695316606,0.7034115413253961,0.0014894160285736646,0.6970826877317935,0.004616034760602501,0.09678150132419244,0.06193745930989583,0.0732257080078125,0,0.0,0,0.02750555488126029,0.9904627284914361,0,b403820719db9285b88e78705e224691a53c668224f7f69e8d0f5a0ad4e078c0,False
N2_NEW_STUDY,validation,NF,61002,1024,6.5886502630081125,0.6556691274987834,0.0013815184294907468,0.6234825290746882,0.004437697160561518,0.09888143205690103,0.059867146809895834,0.10342122395833334,0,0.0,0,0.03214291319049976,0.9869798156615528,0,afdcd84467071111a393e8b4c36f0a4fab41c85969116e23ad702fe05f25cf31,False
N2_NEW_STUDY,validation,NF,61003,1024,3.9201676061053288,0.5427452099972274,0.0010947295562981907,0.45988490301754853,0.004134187872916523,0.07314328065383778,0.0547894287109375,0.07034220377604167,0,0.0,0,0.0295192461074317,0.9956708618314598,0,ebd3bde473129b4f7ff7f4dc32dc345b59cb0ced656f22cca97983e752d9f09b,False
N2_NEW_STUDY,validation,NF,61004,1024,3.2390262297944084,0.5781902012753688,0.0012220797384512316,0.410586574719914,0.003971487379628235,0.0740973493841873,0.05266927083333334,0.1018182373046875,0,0.0,0,0.03447621400794147,0.9854408523132061,0,d602f5c3f5dea1fc68465085bb4a2ec77a1e193a80f42d275c6bd5387f027570,False
N2_NEW_STUDY,validation,NF,61005,1024,3.599215421801201,0.6530695563969338,0.0013816874997210071,0.5146070073331576,0.004214575587002355,0.07544609169260469,0.05844828287760416,0.09736857096354168,0,0.0,0,0.03541674862450338,0.9856143043100764,0,0409142f49080ccb033e988ddd375dd860a999a91a4024e308c10de36589d27d,False
N2_NEW_STUDY,validation,NF,61006,1024,9.684150809731749,0.7170117656034649,0.0015152130577327227,0.6970938833574281,0.004470590486659202,0.09669795576066391,0.0625433349609375,0.07334330240885417,0,0.0,0,0.03149744681273928,0.9861642753397526,0,50837ce5c6412d40d4522dbadd4f2ef407ae17a93e3008cb097dcb86cd8611c0,False
N2_NEW_STUDY,validation,NF,61007,1024,6.226598139172095,0.6670827669026955,0.0014991485965594187,0.5722522418024498,0.00434128652504004,0.09965469203914434,0.060373942057291664,0.1457794189453125,0,0.0,0,0.031806838193617376,0.9889129415845475,0,c623ef118695831da51d91992c58dcba6ac696d0c9b105cb6cd44c74bedae40d,False
N2_NEW_STUDY,validation,NF,61008,1024,3.4421342181451724,0.5472623193984643,0.0011728964489892135,0.49518056908268687,0.004062919913759252,0.07603492844459389,0.055321044921875,0.08229329427083334,0,0.0,0,0.021798823462878092,0.9905748804244927,0,e82bcba393d51d26a54e1bc23ebcbc497167a8195dd7d124543ccf226df95c8e,False
N2_NEW_STUDY,validation,NF,61009,1024,10.102220064235,0.6883550103645888,0.0014115755776327177,0.6876524121456182,0.004489422724562562,0.10256494644729852,0.06370564778645833,0.072890625,0,0.0,0,0.03177186922960717,0.9834249126996212,0,bd0c0f5d30a0451054b0917bb24cfcfdb51c3b8d30db6acf82252b6b755a2740,False
N2_NEW_STUDY,validation,NF,61010,1024,3.946736210512057,0.5746989317815102,0.0011868526794600598,0.5379286633150115,0.004229046873650193,0.07624425370839112,0.06001708984375,0.08118998209635417,0,0.0,0,0.022855531095742673,0.9899060350536024,0,a58c913f862b9484e26850311b982f6dbe7aec9cdabff9c0949c5cbdc9e191bc,False
N2_NEW_STUDY,validation,NP,61001,1024,4.6607808948816825,0.579307114907383,0.0011631416732766908,0.6303420163549049,0.004533409148901171,0.07169879885107994,0.06650472005208334,0.075040283203125,0,0.0,0,0.029977127475823845,0.9867857756640199,0,ee6b2af076b34d2e76cd30d669d2a2e1815af0a1b828d573755bae58f86066d1,False
N2_NEW_STUDY,validation,NP,61002,1024,4.307192338607141,0.6260227965059121,0.0013452999622844963,0.631542854204316,0.004593479089082284,0.07190496146603602,0.06768839518229167,0.08738382975260417,0,0.0,0,0.0354088477272918,0.9804391097565327,0,369de7a7ec328ebdaea5a28338b52d3931deba4031e3bfeed2e251331a40576a,False
N2_NEW_STUDY,validation,NP,61003,1024,4.465034651298671,0.6733074472537731,0.0013063539168003402,0.6095472184675899,0.00461543935336035,0.07133443110008345,0.06564270019531249,0.08029622395833333,0,0.0,0,0.040778760272958174,0.9804693479068781,0,7d9f30a91581116f132d8800f54e629e053c1f2f18ab849b075a274d88ea0afe,False
N2_NEW_STUDY,validation,NP,61004,1024,4.960352914611995,0.589947759172224,0.0012046553277649252,0.6104155502791373,0.0045362318647894345,0.06944200756395776,0.06649719238281249,0.07346394856770833,0,0.0,0,0.04138956586108234,0.9792872862746401,0,b080f4eecccc15f39653ec766a0e138c47519f8a636a1af0a31afe360e05dcb6,False
N2_NEW_STUDY,validation,NP,61005,1024,4.370576990199794,0.6045890419452931,0.0012072431304885889,0.6338039946333198,0.004506525542022734,0.06982861753835756,0.07045878092447916,0.08278137207031251,0,0.0,0,0.03575502090812756,0.9850658119947392,0,61861ac7e8bba8a55ef5f8be0b6ca3da4c201568e553343ae210b32c6b5d6c06,False
N2_NEW_STUDY,validation,NP,61006,1024,4.510325876150416,0.6233702273537909,0.0012761562381009561,0.6553365962221592,0.0044504510233682164,0.07194909370507292,0.07175028483072918,0.0837811279296875,0,0.0,0,0.030193447030629948,0.9806883763987018,0,5c01d6d7fa19795598c7eab2b86ce1fad76c10dab9155191e8ac8fd80f4b626a,False
N2_NEW_STUDY,validation,NP,61007,1024,4.417992403616122,0.5828089803558665,0.0011841982794669192,0.6284228071110832,0.004536338108677671,0.07295127342806998,0.06788106282552084,0.08019307454427084,0,0.0,0,0.0314145395036314,0.984798506947675,0,46c7bfb991f224336a5b68301ebabc2228a4904305d1d4408556320384ac4b68,False
N2_NEW_STUDY,validation,NP,61008,1024,4.654920168601906,0.5806087629153583,0.0011526925419982348,0.6315388803316628,0.004501241789946332,0.07097090412449843,0.07006408691406249,0.0815887451171875,0,0.0,0,0.026333444843625268,0.9850627973622572,0,0d771459c3d4f583da167237432809d176e34b3b5711e2c8a5e02966b19fdd87,False
N2_NEW_STUDY,validation,NP,61009,1024,4.730090633549947,0.6714508976952251,0.0014131578319309668,0.6513718742005885,0.004555062484239636,0.07036708769051216,0.07152587890625,0.08085530598958333,0,0.0,0,0.036463025488030223,0.9818013833390546,0,eac280d494f53f895a4d30054ef8ead6e5acc5808f424d91c66fc52db2d80465,False
N2_NEW_STUDY,validation,NP,61010,1024,4.572555736005629,0.5668966768741293,0.001129835694450243,0.6371101048730737,0.004520103798282964,0.0701479659260098,0.0681549072265625,0.07689676920572916,0,0.0,0,0.025369587938071397,0.9882198079410546,0,819d8d93e800d0c72713ecfef5d6481846cd8401e1dc29b88364f54e5c12cacc,False
N2_NEW_STUDY,validation,NS,61001,1024,4.622740454014176,0.6193708578910279,0.0012916794489550298,0.588408451456273,0.004537997406403227,0.07494276534771144,0.07160074869791666,0.09611063639322917,0,0.0,0,0.02873973973014373,0.9799916402178769,0,d96cc762f297976dea352209d4c2e46a41f31f61bb13ccaf93c2d6b891385ded,False
N2_NEW_STUDY,validation,NS,61002,1024,3.8659120034867094,0.5849609454373036,0.0012682939243924274,0.564896577233779,0.0044510021448434,0.07302133764749197,0.06482686360677084,0.092186279296875,0,0.0,0,0.027692817676813582,0.9838696083277642,0,18f37b8d46c4da14c5ec1399411b892dfc5fe5a9e6d88c6debbd301df8cd83c8,False
N2_NEW_STUDY,validation,NS,61003,1024,4.140805403003032,0.5933204563294079,0.0012001147279572244,0.5455853799730332,0.004398211984999366,0.0712626333339093,0.06204345703125,0.0808697509765625,0,0.0,0,0.03549294732406161,0.984691514023419,0,d1463d0420a571f9f11fc0f6da82969dbf724533a274f7a74e69c8619e3adc80,False
N2_NEW_STUDY,validation,NS,61004,1024,4.046935934904818,0.5583622916485242,0.0011715214287253417,0.510588789858597,0.004331030300540885,0.07179707174452331,0.059993286132812504,0.07454447428385416,0,0.0,0,0.03102466664030614,0.9897133633051417,0,8284c5d7b6d0b220dff86045952e78ed6d827018e96ed44ab0fac01081b07602,False
N2_NEW_STUDY,validation,NS,61005,1024,4.128230151552824,0.5685645284943281,0.0011414287852957727,0.5641375025236065,0.004361151747578474,0.07157232337674574,0.06628967285156251,0.083934326171875,0,0.0,0,0.02896111224959924,0.9880172430618481,0,6c51689088cb6ed396a52c7fcd0501b5c2205ed9886cb96f5bf341b341757b3c,False
N2_NEW_STUDY,validation,NS,61006,1024,6.170604218104314,0.8083242036848615,0.0018106114285219022,0.626707297035404,0.004426929674693876,0.07810682883971853,0.07075520833333333,0.133846435546875,0,0.0,0,0.052092819699663964,0.9670321317688605,0,8098852946e3ffc3f88902c0cb730daf1db2c08ee5e9236a25c9aded18bb166b,False
N2_NEW_STUDY,validation,NS,61007,1024,3.6794387648711293,0.5912224023185928,0.0012224527165369814,0.5357842187392376,0.004265636637529751,0.07252946093294377,0.0634368896484375,0.08318766276041667,0,0.0,0,0.028963171061984247,0.9870627134701726,0,f02777a9fa36d73fd8029ef6c98cfc61e3582fd352c0cb13b60af702ef453e25,False
N2_NEW_STUDY,validation,NS,61008,1024,4.22751442221378,0.5307488387295678,0.0010780636493166185,0.5528976833308876,0.004305935351420459,0.07327048560494531,0.0657220458984375,0.08575887044270834,0,0.0,0,0.020551594779128927,0.9859350787544364,0,e1844313b89079d787307706efb54b919c0be2937e874ba4eddf84128b842053,False
N2_NEW_STUDY,validation,NS,61009,1024,4.510196586498548,0.6098807149139024,0.0013251935308593588,0.5810738792501984,0.004483365950338264,0.07306976805885067,0.06786031087239583,0.08725565592447918,0,0.0,0,0.028254104642437154,0.9819617628803151,0,f2a64fb3b11329c1d95eb162ac032633042a2d8f674b06922652be8886ec7494,False
N2_NEW_STUDY,validation,NS,61010,1024,4.405905543196539,0.5239733746276046,0.0010716065775544514,0.5464795654042272,0.004334196320984488,0.07147963932541262,0.06295918782552083,0.07432779947916666,0,0.0,0,0.021421771446323394,0.9897273273587085,0,d680da92283440aa0fc15f5516db90684f5cc9652c0e39dd06aa6f8893948614,False
